    <addon id="repository.freeview-kodi"
           name="FreeViewKodi Repository"
           version="0.0.1"
           provider-name="freeviewkodi">
        <extension point="xbmc.addon.repository"
                   name="FreeViewKodi Repository">
            <dir>
                <info compressed="true">https://freeviewkodi.github.io/repo/addons.xml</info>
                <checksum>https://freeviewkodi.github.io/repo/addons.xml.md5</checksum>
                <datadir zip="true">https://freeviewkodi.github.io/repo/</datadir>
            </dir>
        </extension>
        <extension point="xbmc.addon.metadata">
            <summary>Repository for FreeViewKodi addon</summary>
            <description>Install addons from the FreeViewKodi developer.</description>
            <platform>all</platform>
            <assets>
                <icon>icon.png</icon>
            </assets>
        </extension>
    </addon>
