<?xml version="1.0" encoding="UTF-8" standalone="yes"?>
<addon id="repository.freeviewkodi" name="FreeViewKodi Repository" version="1.0.0" provider-name="Your Name">
    <extension point="xbmc.addon.repository" name="FreeViewKodi Repository">
        <dir>
            <info compressed="true">https://freeviewkodi.github.io/repo/addons.xml</info>
            <checksum>https://freeviewkodi.github.io/repo/addons.xml.md5</checksum>
            <datadir zip="true">https://freeviewkodi.github.io/repo/</datadir>
        </dir>
    </extension>
    <extension point="xbmc.addon.metadata">
        <summary>Repository for FreeViewKodi addon</summary>
        <description>Install addons from the FreeViewKodi developer.</description>
        <platform>all</platform>
        <assets>
            <icon>icon.png</icon>
        </assets>
    </extension>
</addon>
